ITEM CODE,ITEM NAME,MRP
SU00005,ACCELATOR CUT NIPPLE METAL SKI,5.05
RX00045,ACCELATOR GRIP SET OF 2 AAR-15,68.00
HS00031,ACCELATOR GRIP SET OF 2 AKTIVA,65.00
HS00053,ACCELATOR GRIP SET OF 2 AKTIVA BS6,68.00
SU00055,ACCELATOR GRIP SET OF 2 BURGMAN,68.00
KB00031,ACCELATOR GRIP SET OF 2 CETE 100/PLTNA,65.00
KB00039,ACCELATOR GRIP SET OF 2 DSVR-100 CC,65.00
RX00043,ACCELATOR GRIP SET OF 2 EFZ,68.00
RX00046,ACCELATOR GRIP SET OF 2 FACINO,68.00
RX00044,ACCELATOR GRIP SET OF 2 FZS,68.00
SU00053,ACCELATOR GRIP SET OF 2 JPTR,65.00
SU00056,ACCELATOR GRIP SET OF 2 JPTR NEW/N-TRQ,68.00
KB00034,ACCELATOR GRIP SET OF 2 PLSR,65.00
HS00052,ACCELATOR GRIP SET OF 2 SHN BS6,68.00
HS00030,ACCELATOR GRIP SET OF 2 SHN N/M/UNCN,65.00
HS00042,ACCELATOR GRIP SET OF 2 SHN O/M,65.00
HH00030,ACCELATOR GRIP SET OF 2 SPL,65.00
SU00030,ACCELATOR GRIP SET OF 2 STR,65.00
HH00033,ACCELATOR GRIP SET OF 2 SU-SPL,65.00
TV00008,ACCELATOR GRIP SET OF 2 S-XL,65.00
HH00022,ACCELATOR MOUNTING HH (SILVER MILES),31.00
SU00034,ACCELATOR MOUNTING VIC,54.00
HS00035,ACCELATOR YOKE FIXING SCREW AKTIVA,2.45
HH00035,ACCELATOR YOKE SCREW HH,3.00
HS00025,AIR FEED PIPE AKTIVA,230.00
KB00007,AIR HOSE PIPE 4-S,45.00
SU00022,AIR HOSE PIPE ACSS 125,175.00
SU00059,AIR HOSE PIPE ACSS BIG BS6,240.00
SU00058,AIR HOSE PIPE ACSS SMALL BS6,86.00
HS00057,AIR HOSE PIPE AKTIVA 125,185.00
HS00007,AIR HOSE PIPE AKTIVA NEW BIG,130.00
HS00054,AIR HOSE PIPE AKTIVA SMALL BS6,70.00
KB00008,AIR HOSE PIPE CETE 100,52.00
KB00042,AIR HOSE PIPE DSVR 100,106.00
RX00041,AIR HOSE PIPE EFZ,260.00
HH00005,AIR HOSE PIPE HH,62.00
TV00012,AIR HOSE PIPE JPTR,175.00
HS00056,AIR HOSE PIPE MESTRO EDGE SMALL BS6,86.00
HS00055,AIR HOSE PIPE MESTRO/EDGE BIG BS6,185.00
SU00057,AIR HOSE PIPE N-TRQ BS6,135.00
KB00006,AIR HOSE PIPE PLSR,56.00
RX00040,AIR HOSE PIPE ROY,136.00
HS00058,AIR HOSE PIPE SHN/UNCN 160,175.00
HH00007,AIR HOSE PIPE SPL,74.00
HH00079,AIR HOSE PIPE SPL PRO BS6,220.00
SU00047,AIR HOSE PIPE STR CITY/VIC,47.00
HH00072,AIR HOSE PIPE SU-SPL/PESS/CD-DX,80.00
TV00013,AIR HOSE PIPE S-XL 100,34.00
TV00007,AIR HOSE PIPE S-XL NEW,29.00
HS00006,AIR HOSE PIPE UNCN\SHN,175.00
HS00027,AIR PIPE FIXING BOLT AKTIVA,3.10
HH01004,AXLE BUSH FRONT COLLER HH,56.00
HH01001,AXLE BUSH FRONT HH,50.00
HH01000,AXLE BUSH REAR BIG HOLE HH,50.00
HH01003,AXLE BUSH REAR COLLER HH,55.00
HH01002,AXLE BUSH REAR HH,47.00
UA47026,AXLE BUSH REAR S-XL,25.00
KB01006,AXLE FOUNDATION 4-S/CETE 100,110.00
RX01017,AXLE FOUNDATION AAR-15/FAZER,190.00
SU01038,AXLE FOUNDATION ACSS,165.00
HS01026,AXLE FOUNDATION AKTIVA 3G,105.00
HS01006,AXLE FOUNDATION AKTIVA BIG,108.00
HS01007,AXLE FOUNDATION AKTIVA SMALL,100.00
HH01036,AXLE FOUNDATION CBEZ XTRM,216.00
HH01008,AXLE FOUNDATION CBEZ/UNI,205.00
HH01028,AXLE FOUNDATION CDE-DLX/PESS+/HF DX/HF DN,165.00
SU01027,AXLE FOUNDATION CNTRA/STR/CITY/VIC,145.00
KB01063,AXLE FOUNDATION CT-100 BS6,110.00
KB01062,AXLE FOUNDATION CT-100 NEW,150.00
HH01046,AXLE FOUNDATION DRM-YGA/PESS X PRO/NEW,145.00
KB01002,AXLE FOUNDATION DSVR100 CC,175.00
KB01033,AXLE FOUNDATION DSVR125/135/125 N/M/XCD,180.00
RX01019,AXLE FOUNDATION EFZ,180.00
HH01034,AXLE FOUNDATION GLMR,160.00
HH01060,AXLE FOUNDATION GLMR. BS6,175.00
HH01047,AXLE FOUNDATION HF D/X/DAWN BS6,160.00
HH01005,AXLE FOUNDATION HH,105.00
TV01019,AXLE FOUNDATION JPTR/VEGO,100.00
HH01019,AXLE FOUNDATION NUT HH,8.75
HH01061,AXLE FOUNDATION PESS PRO BS6,175.00
HH01048,AXLE FOUNDATION PESS X PRO/SPL+ BS6,155.00
HH01049,AXLE FOUNDATION PLISUR/MASTRO EDGE,155.00
KB01057,AXLE FOUNDATION PLSR 200 NS,205.00
KB01049,AXLE FOUNDATION PLSR DTSI 200/220,230.00
KB01003,AXLE FOUNDATION PLSR DTSI.150/180 CC,195.00
KB01058,AXLE FOUNDATION PLTNA 100 BS6,165.00
KB01009,AXLE FOUNDATION PLTNA/PLTNA 125/ES,145.00
HS01005,AXLE FOUNDATION SHN,140.00
HS01022,AXLE FOUNDATION SHN NEW BS6,150.00
HH01050,AXLE FOUNDATION SPL BS6 NEW,160.00
HH01041,AXLE FOUNDATION SPL PRO/PESS PRO,165.00
HH01007,AXLE FOUNDATION SPL/SPL+,125.00
HH01006,AXLE FOUNDATION SS/DAWN,120.00
SU01032,AXLE FOUNDATION STR CITY A/ W/APCHE/FLEM/SAMURAI,150.00
SU01031,AXLE FOUNDATION STR SPORT,150.00
HH01024,AXLE FOUNDATION SU-SPL,167.00
HH01059,AXLE FOUNDATION SU-SPL BS6,175.00
TV01005,AXLE FOUNDATION S-XL HD/100,110.00
SU01021,AXLE FOUNDATION VIC/GL,160.00
KB01011,AXLE FRONT 4-S/CLBR/CETE 100,110.00
SU01037,AXLE FRONT ACSS,115.00
HS01023,AXLE FRONT AKTIVA NEW BS6,135.00
HS01011,AXLE FRONT AKTIVA/3G,110.00
HH01012,AXLE FRONT CBEZ/UNI,110.00
HH01056,AXLE FRONT CD DX/HF DX/HF DWN,125.00
SU01023,AXLE FRONT CNTRA/STR/STR-CITY,110.00
HH01068,AXLE FRONT CT 100 BS6,140.00
HH01067,AXLE FRONT CT 100 NEW,110.00
HH01044,AXLE FRONT DRM-YGA/ PESS XPRO/NEW,125.00
KB01043,AXLE FRONT DSVR 100,110.00
RX01011,AXLE FRONT EFZ,220.00
HH01066,AXLE FRONT GLMR BS6,130.00
HH01051,AXLE FRONT HF D/X/DAWN BS6,130.00
HH01010,AXLE FRONT HH/SPL/DSVR/AKTIVA NEW/SHN NEW/PLISUR,125.00
TV01020,AXLE FRONT JPTR/VEGO,140.00
HH01064,AXLE FRONT PESS PRO BS6,130.00
HH01053,AXLE FRONT PLISUR/MASTRO,150.00
KB01037,AXLE FRONT PLSR 200/220,185.00
KB01013,AXLE FRONT PLSR DTSI,130.00
KB01050,AXLE FRONT PLSR UG3,130.00
KB01008,AXLE FRONT PLTNA,130.00
HS01024,AXLE FRONT SHN NEW/BS6,110.00
HS01010,AXLE FRONT SHN/TWSTR/STNR,105.00
HH01040,AXLE FRONT SPL PRO/PESS PRO,115.00
SU01033,AXLE FRONT STR SPORT/VIC,115.00
HH01065,AXLE FRONT SU-SPL BS6,135.00
HH01013,AXLE FRONT SU-SPL/GLAM/ECHVER,120.00
TV01011,AXLE FRONT S-XL HD/S-XL 100,125.00
SU01035,AXLE NUT ACSS 125 (NO.17),25.00
HS01013,AXLE NUT FRONT AKTIVA (NO.19),15.00
HH01042,AXLE NUT FRONT CDE-DLX/PESS PRO (NO.19),19.00
KB01028,AXLE NUT FRONT PLSR/DSVR (NO.17),14.00
TV01013,AXLE NUT FRONT S-XL (NO.19),12.50
HH01015,AXLE NUT FRONT/REAR HH (NO.17),12.50
HH01027,AXLE NUT GLMR (NO.19),19.00
SU01036,AXLE NUT REAR ACSS 125 (NO.22),28.00
HS01014,AXLE NUT REAR AKTIVA/3G/MAIN SHAFT NUT,25.00
HH01043,AXLE NUT REAR CDE-DLX/PESS PRO (NO.19),20.00
KB01027,AXLE NUT REAR DSVR (NO.22),25.00
KB01024,AXLE NUT REAR PLSR DTSI (NO.22),25.00
KB01016,AXLE REAR 4-S/CLBR/CETE 100,135.00
SU01025,AXLE REAR APCHE,260.00
HH01038,AXLE REAR CD DX/HF DX/HF DN,120.00
SU01028,AXLE REAR CNTRA/STR/STR CITY/VIC,165.00
HH01045,AXLE REAR DRM-YGA/PESS X PRO,165.00
KB01044,AXLE REAR DSVR 100 M/T,165.00
KB01023,AXLE REAR DSVR 125ST,240.00
KB01048,AXLE REAR DSVR135/150,260.00
RX01016,AXLE REAR EFZ,270.00
HH01025,AXLE REAR GLMR/SU-SPL/ACHVR,155.00
HH01016,AXLE REAR HH/SPL,125.00
HH01055,AXLE REAR PESS X PRO/SPL+ BS6,175.00
KB01040,AXLE REAR PLSR 220,245.00
KB01021,AXLE REAR PLSR DTSI,245.00
KB01053,AXLE REAR PLSR UG3,260.00
KB01047,AXLE REAR PLTNA ES,125.00
KB01020,AXLE REAR PLTNA/PLTNA A/W,130.00
RX01015,AXLE REAR RX,185.00
HS01015,AXLE REAR SHN,145.00
HS01025,AXLE REAR SHN BS6,195.00
HS01016,AXLE REAR SHN N/M,155.00
HH01039,AXLE REAR SPL PRO/PESS PRO/HF DLX BS6,130.00
SU01029,AXLE REAR STR CITY A/W,235.00
SU01034,AXLE REAR STR SPORT,150.00
SU01041,AXLE REAR STR SPORT NEW/RADON,185.00
TV01018,AXLE REAR S-XL HD/S-XL 100,140.00
HS01017,AXLE REAR UNCN/CBZ/XTR/HANK,265.00
KB01042,AXLE REAR XCEED DTSI 135,300.00
HS02001,BACK LIGHT BASE SCREW AKTIVA,3.50
HS02003,BACK LIGHT SCREW AKTIVA,1.30
HH02001,BACK LIGHT SCREW HH,1.60
KB32028,BALL RACES KIT 4-S (Q+)N.CAGE W/HANDLE CUSSION RUBBER,330.00
RX32013,BALL RACES KIT AAR-15,320.00
SU32023,BALL RACES KIT ACSS 125,270.00
SU32034,BALL RACES KIT ACSS N/M N.CAGE,335.00
HS32010,BALL RACES KIT AKTIVA Q+,340.00
SU32033,BALL RACES KIT APCHE 200 W/WASHER N CAGE,310.00
BU32010,BALL RACES KIT BULLET Q+,510.00
MK32010,BALL RACES KIT CNTURO,245.00
KB32018,BALL RACES KIT DSVRST/PLTN ES Q+,280.00
KB32037,BALL RACES KIT DSVRST/PLTNA ES,320.00
RX32011,BALL RACES KIT EFZ NYLON CAGE,250.00
RX32022,BALL RACES KIT EFZ V3 NYLON CAGE,450.00
SU32012,BALL RACES KIT HEET/JUSE/GS-150/HAYYTE/SLING SHOT,275.00
HH32023,BALL RACES KIT HH(Q+)N.CAG W/CUSS.RUB,285.00
TS32012,BALL RACES KIT PEP NYLON CAGE,310.00
KB32012,BALL RACES KIT PLSR 200 CC,250.00
KB32032,BALL RACES KIT PLSR 200 CC Q+,310.00
RX32010,BALL RACES KIT RX/CRX/LBRO,225.00
SU32028,BALL RACES KIT STR CITY Q+,340.00
HH32024,BALL RACES KIT SUP.SPL/UNI (Q+)N.CAG W/CUSS.RUB.,340.00
TV32019,BALL RACES KIT TVS/S-XL/S-XL 100(Q+)N.CAGE & CUSSION RUBBER,320.00
SU32027,BALL RACES KIT VEGO/JPTR,275.00
HS04019,BANDEX (STARTER DRIVE) AKTIVA\PLISUR & NEW,600.00
SU04020,BANDEX (STARTER DRIVE) JPTR/VEGO,760.00
TS04019,BANDEX (STARTER DRIVE) PEP SCUTY,1030.00
HS03005,BANDEX MANDIR AKTIVA/HET/DIO 110/MESTRO EDGE,90.00
HS03026,BANDEX MANDIR RUBBER AKTIVA,2.50
SU04022,BANDEX MANDIR VEGO,125.00
HS04025,BATTERY CLIP AKTIVA HET,20.00
UN04020,BATTERY TERMINAL BOLT 100 CC,3.10
HS04008,BATTERY TERMINAL WITH WIRE SET AKTIVA NEW,110.00
HS04005,BODY COVER RUBBER AKTIVA,7.20
UN10418,BOLT NUT SINGLE WASHER N0. 14*18,7.90
UN10450,BOLT NUT SINGLE WASHER N0. 14*2",12.00
UN10425,BOLT NUT SINGLE WASHER N0. 14*25,8.50
UN10475,BOLT NUT SINGLE WASHER N0. 14*3",15.00
UN10435,BOLT NUT SINGLE WASHER N0. 14*35,9.55
UN10815,BOLT NUT SINGLE WASHER N0. 8*15,2.95
UN10818,BOLT NUT SINGLE WASHER N0. 8*18,3.10
UN10820,BOLT NUT SINGLE WASHER N0. 8*20,3.30
UN10825,BOLT NUT SINGLE WASHER N0. 8*25,3.45
UN10835,BOLT NUT SINGLE WASHER N0. 8*35,3.90
UN10015,BOLT NUT SINGLE WASHER NO.10*15,4.60
UN10018,BOLT NUT SINGLE WASHER NO.10*18,4.20
UN10025,BOLT NUT SINGLE WASHER NO.10*25,4.55
UN10030,BOLT NUT SINGLE WASHER NO.10*30,5.20
UN10035,BOLT NUT SINGLE WASHER NO.10*35,5.75
UN10050,BOLT NUT SINGLE WASHER NO.10*50,7.00
UN00715,BOLT NUT W/WASHER N0. 7*15 HEX,3.10
UN00720,BOLT NUT W/WASHER N0. 7*20,3.10
UN00725,BOLT NUT W/WASHER N0. 7*25,3.40
UN00815,BOLT NUT W/WASHER N0. 8*15,3.20
UN00818,BOLT NUT W/WASHER N0. 8*18,3.40
UN00820,BOLT NUT W/WASHER N0. 8*20,3.60
UN00825,BOLT NUT W/WASHER N0. 8*25,3.70
UN00830,BOLT NUT W/WASHER N0. 8*30,4.15
UN00835,BOLT NUT W/WASHER N0. 8*35,4.20
UN00840,BOLT NUT W/WASHER N0. 8*40,4.55
UN00845,BOLT NUT W/WASHER N0. 8*45,5.10
UN00850,BOLT NUT W/WASHER N0. 8*50,4.95
UN00012,BOLT NUT W/WASHER NO.10*12,4.60
UN00015,BOLT NUT W/WASHER NO.10*15,4.80
UN00018,BOLT NUT W/WASHER NO.10*18,4.45
UN00025,BOLT NUT W/WASHER NO.10*25,4.81
UN00030,BOLT NUT W/WASHER NO.10*30,5.40
UN00035,BOLT NUT W/WASHER NO.10*35,6.10
UN00040,BOLT NUT W/WASHER NO.10*40,6.40
UN00045,BOLT NUT W/WASHER NO.10*45,6.90
UN00050,BOLT NUT W/WASHER NO.10*50,7.50
UN00065,BOLT NUT W/WASHER NO.10*65,9.00
UN00075,BOLT NUT W/WASHER NO.10*75,11.25
UN00119,BOLT NUT W/WASHER NO.11*19,8.00
UN00125,BOLT NUT W/WASHER NO.11*25,8.00
UN00140,BOLT NUT W/WASHER NO.11*40,12.50
UN00415,BOLT NUT W/WASHER NO.14*15,9.00
UN00418,BOLT NUT W/WASHER NO.14*18,9.00
UN00450,BOLT NUT W/WASHER NO.14*2",13.00
UN00463,BOLT NUT W/WASHER NO.14*2.5",14.50
UN00425,BOLT NUT W/WASHER NO.14*25,9.10
UN00475,BOLT NUT W/WASHER NO.14*3",18.00
UN00430,BOLT NUT W/WASHER NO.14*30,10.50
UN00435,BOLT NUT W/WASHER NO.14*35,10.75
UN00440,BOLT NUT W/WASHER NO.14*40,11.00
UN00460,BOLT NUT W/WASHER NO.14*60,14.00
HS05001,BRAKE CABLE CLAMP REAR AKTIVA,93.00
KB05016,BRAKE CAM W/LEVER FRONT SET 4-S,165.00
HS05011,BRAKE CAM W/LEVER FRONT SET AKTIVA,185.00
HS05018,BRAKE CAM W/LEVER FRONT SET AKTIVA NEW/COMBI,270.00
KB05180,BRAKE CAM W/LEVER FRONT SET CETE 100 BS6,245.00
KB05010,BRAKE CAM W/LEVER FRONT SET DSVR/100/125/135/NEW/CETE 100/BOX.CT/PLAT/PLT.125,165.00
HH05048,BRAKE CAM W/LEVER FRONT SET GLMR/CBZ/AMBITION/SHN/UNI/D-YGA,180.00
HH05015,BRAKE CAM W/LEVER FRONT SET HH/CD DLX,160.00
RX05015,BRAKE CAM W/LEVER FRONT SET RX,175.00
HS05012,BRAKE CAM W/LEVER FRONT SET SHN/CBEZ/UNI/D-YGA,185.00
SU05015,BRAKE CAM W/LEVER FRONT SET SKI/SMURAI/STR CITY/HEAT/HAYATE,190.00
HH05161,BRAKE CAM W/LEVER FRONT SET SPL/SPL+ NEW COMBI LEVER,270.00
HH05016,BRAKE CAM W/LEVER FRONT SET SPL/SPL+/DAWN/SU-SPL,180.00
SU05143,BRAKE CAM W/LEVER FRONT SET STR CITY BS6,260.00
SU05067,BRAKE CAM W/LEVER FRONT SET STR/STR SPORT/STR 100/PHONIX,180.00
TV09005,BRAKE CAM W/LEVER FRONT SET S-XL 100 COMBI,235.00
SU05017,BRAKE CAM W/LEVER FRONT SET VIC/GL,175.00
KB05021,BRAKE CAM W/LEVER REAR SET 4-S/BOX CT/PLT/PLT125,170.00
SU05140,BRAKE CAM W/LEVER REAR SET ACSS,190.00
SU05139,BRAKE CAM W/LEVER REAR SET ACSS 125,195.00
SU05142,BRAKE CAM W/LEVER REAR SET ACSS 125 BS6,195.00
HS05020,BRAKE CAM W/LEVER REAR SET AKTIVA,185.00
HS05022,BRAKE CAM W/LEVER REAR SET AKTIVA N/M/3G/4G,190.00
SU05013,BRAKE CAM W/LEVER REAR SET APCHE,185.00
HH05019,BRAKE CAM W/LEVER REAR SET CBZ XTRM/DRM-YGA/UNCN/PESS PRO NEW,190.00
KB05030,BRAKE CAM W/LEVER REAR SET CETE 100/PLTNA/PLTN125/4S/BOXCT,175.00
KB05093,BRAKE CAM W/LEVER REAR SET DSVR 100/125/135/N/M,175.00
KB05013,BRAKE CAM W/LEVER REAR SET DSVR/DSVR DTSI,305.00
RX05023,BRAKE CAM W/LEVER REAR SET EFZ/FAZER/SZ/SZX/SZR,190.00
HH05020,BRAKE CAM W/LEVER REAR SET HH,160.00
SU05085,BRAKE CAM W/LEVER REAR SET JPTR,190.00
HH05035,BRAKE CAM W/LEVER REAR SET PESS +,185.00
KB05019,BRAKE CAM W/LEVER REAR SET PLSR DTSI/135/150/180,190.00
KB05181,BRAKE CAM W/LEVER REAR SET PLTNA BS6(FORGING),310.00
KB05167,BRAKE CAM W/LEVER REAR SET PLTNA ES,180.00
HS05016,BRAKE CAM W/LEVER REAR SET SHN/CB TWS/GLAM/PESS+,180.00
SU05020,BRAKE CAM W/LEVER REAR SET SKI/SAMURAI/JUSE/HEAT/HAYATE,180.00
HH05091,BRAKE CAM W/LEVER REAR SET SPL CMBI/SHN/GLMR-BS6/CBEZ,185.00
HH05023,BRAKE CAM W/LEVER REAR SET SPL/CD DLX/DAWN,175.00
SU05068,BRAKE CAM W/LEVER REAR SET STR/SPORT/110/S-XL HD/VIC/GL,175.00
HH05017,BRAKE CAM W/LEVER REAR SET SU-SPL/SPLBS6/SHNBS6,180.00
TV05022,BRAKE CAM W/LEVER REAR SET S-XL,150.00
TV05059,BRAKE CAM W/LEVER REAR SET S-XL HD,170.00
RX05022,BRAKE DRUM ADJUSTER FRONT RX,52.00
KB05023,BRAKE DRUM BOLT W/NUT 4-S,17.50
HH05021,BRAKE DRUM BOLT W/NUT HH BIG,15.00
HH90018,BRAKE DRUM BOLT W/NUT HH BS6,25.00
HH05022,BRAKE DRUM BOLT W/NUT HH SMALL,14.00
SU05021,BRAKE DRUM BOLT W/NUT SKI/VIC,16.00
TV27000,BRAKE DRUM BOLT W/NUT S-XL,16.00
KB05096,BRAKE DRUM BOLT W/PIN GREEN PLSR,17.00
HH05044,BRAKE DRUM BOLT W/RUBBER HH BIG,21.00
TV05025,BRAKE MAKHI TVS,6.50
KB05026,BRAKE PEDAL 4-S,330.00
RX05026,BRAKE PEDAL AAR-15,415.00
HH05034,BRAKE PEDAL CBEZ-XTR-HANK,435.00
HH05040,BRAKE PEDAL CD D/X,260.00
HH05087,BRAKE PEDAL CD D/X BS6,370.00
KB05033,BRAKE PEDAL CETE 100,325.00
KB05161,BRAKE PEDAL CETE 100 BS6,255.00
KB05173,BRAKE PEDAL CETE 100 NEW/CT ES BS6,310.00
KB05176,BRAKE PEDAL CT110 BS6,575.00
HS05035,BRAKE PEDAL DRM NEO/HET/CD-110/LIVO,320.00
HS05029,BRAKE PEDAL DRM-YGA,290.00
KB05002,BRAKE PEDAL DSVR 100,320.00
KB05098,BRAKE PEDAL DSVR 100T/125T,430.00
KB05031,BRAKE PEDAL DSVR 112,255.00
KB05040,BRAKE PEDAL DSVR 125/135,320.00
KB05003,BRAKE PEDAL DSVR 150,340.00
KB05144,BRAKE PEDAL DSVR M/PLTN ES,360.00
KB05143,BRAKE PEDAL DSVR ST,485.00
RX05032,BRAKE PEDAL EFZ,360.00
RX05058,BRAKE PEDAL EFZ6,410.00
HH05094,BRAKE PEDAL HF 100 BS6,370.00
HH05025,BRAKE PEDAL HH,260.00
SU05043,BRAKE PEDAL JIVE/STR 110/PHONIX,370.00
SU05040,BRAKE PEDAL JUSE/HEET,365.00
HH05084,BRAKE PEDAL PESS PRO BLACK,270.00
HH05095,BRAKE PEDAL PESS PRO BS6/SU-SPL BS6,535.00
HH05043,BRAKE PEDAL PESS X-PRO,290.00
KB90026,BRAKE PEDAL PLSR 125 BS6 COMBI,465.00
KB05174,BRAKE PEDAL PLSR 125/150 BS6,505.00
KB05027,BRAKE PEDAL PLSR 150/180,295.00
KB05001,BRAKE PEDAL PLSR 200,450.00
KB05007,BRAKE PEDAL PLSR 200 NS,365.00
KB05038,BRAKE PEDAL PLSR 220,325.00
KB05177,BRAKE PEDAL PLTNA 110 COMFRT,505.00
KB05004,BRAKE PEDAL PLTNA 125,300.00
KB05162,BRAKE PEDAL PLTNA BS6,465.00
KB05099,BRAKE PEDAL PLTNA PC,310.00
KB05037,BRAKE PEDAL PLTNA/CT-D/X,290.00
UN05026,BRAKE PEDAL RUBBER STR LINE UNI (SILVER MILES),19.00
RX05025,BRAKE PEDAL RX,240.00
HS05026,BRAKE PEDAL SHN,295.00
HS05058,BRAKE PEDAL SHN BS6,420.00
HS05067,BRAKE PEDAL SHN BS6 COMBI,535.00
HS05059,BRAKE PEDAL SHN PC,310.00
SU05025,BRAKE PEDAL SKI,240.00
HH05158,BRAKE PEDAL SPL COMBI BRAKE,285.00
HH05086,BRAKE PEDAL SPL PRO PC,300.00
HH05027,BRAKE PEDAL SPL/CD-DWN/PESS,245.00
HH05164,BRAKE PEDAL SPL/CD-DWN/PESS BS6,330.00
SU05032,BRAKE PEDAL STR,305.00
SU05091,BRAKE PEDAL STR CITY +,310.00
SU05039,BRAKE PEDAL STR SPORT,340.00
SU05088,BRAKE PEDAL STR SPORT BS6,430.00
SU05087,BRAKE PEDAL STR110/ES BLACK,445.00
HH05171,BRAKE PEDAL SU-SPL BS6 COMBI BRAKE,625.00
HH05032,BRAKE PEDAL SU-SPL/GLMR,265.00
HS05025,BRAKE PEDAL UNCN,280.00
HS05063,BRAKE PEDAL UNCN BS6,740.00
SU05027,BRAKE PEDAL VIC/VIC GL,310.00
KB05051,BRAKE ROD 4-S/BXR,78.00
SU05060,BRAKE ROD APCHE/RTR,80.00
HH05053,BRAKE ROD BARREL HH,10.50
BU05050,BRAKE ROD BULLET,125.00
BU05054,BRAKE ROD BULLET CLASSIC,135.00
BU05055,BRAKE ROD BULLET ELECTRA,110.00
HH05057,BRAKE ROD CBEZ XTREAM/HANK,135.00
HH05067,BRAKE ROD CDE-DLX/PESS/ISMART BS6,80.00
KB05164,BRAKE ROD CETE 100 BS6,150.00
KB05058,BRAKE ROD CETE 100/PLTNA/EFZ,80.00
HS05053,BRAKE ROD DRM YUGA/NEO,80.00
KB05087,BRAKE ROD DSVR 100/DSVR,80.00
KB05092,BRAKE ROD DSVR 150,80.00
RX05053,BRAKE ROD EFZ,75.00
HH05050,BRAKE ROD HH,78.00
SU05065,BRAKE ROD JIVE/PHONX/STR+,90.00
HS05068,BRAKE ROD NUT AKTIVA COMBI,25.00
KB05179,BRAKE ROD NUT CT100 BS6,9.00
HH05052,BRAKE ROD NUT HH,8.00
KB05178,BRAKE ROD NUT PLTN BS6,9.00
HS05069,BRAKE ROD NUT SHN BS6,9.00
TV05027,BRAKE ROD NUT S-XL,9.00
HS05064,BRAKE ROD NUT UNCN/CBZ,11.00
HH05073,BRAKE ROD PESS X-PRO/ISMART,80.00
KB05069,BRAKE ROD PLSR 135,100.00
KB05063,BRAKE ROD PLSR 200,125.00
KB90029,BRAKE ROD PLSR BS6,155.00
KB05048,BRAKE ROD PLSR DTSI A/W/150/180/UG3,80.00
KB05166,BRAKE ROD PLTN BS6/COMFORT,150.00
KB05057,BRAKE ROD PLTNA A/W,80.00
KB05158,BRAKE ROD PLTNA ES/ DSVR M,80.00
RX05050,BRAKE ROD RX /CRX /YBEEX,80.00
HS05066,BRAKE ROD SHN BS6,142.00
HS05052,BRAKE ROD SHN/TWSTR/DREAM YOGA,82.00
SU05050,BRAKE ROD SKI,68.00
HH05085,BRAKE ROD SPL BS6 COMBI,80.00
HH05166,BRAKE ROD SPL PRO,80.00
HH05051,BRAKE ROD SPL/CD DX BS6/PRO,80.00
SU05061,BRAKE ROD STR SPORT/100,80.00
SU05048,BRAKE ROD STR/STR CITY,80.00
HH05063,BRAKE ROD SU-SPL/GLAM,82.00
HH05167,BRAKE ROD SU-SPL/GLAM BS6,140.00
HS05050,BRAKE ROD UNCN/UNCN BS6,130.00
SU05054,BRAKE ROD VIC,80.00
HS40015,BUTTON HEAD LIGHT AKTIVA,45.00
HS41020,BUTTON HORN AKTIVA,38.00
HS44109,BUTTON INDICATOR AKTIVA,40.00
HS09001,CABLE HOLDER DRM-YGA/SHN,5.00
HH09002,CABLE HOLDER SEPLDR,5.00
TV09002,CABLE HOLDER S-XL,5.00
HS09014,CAM SHAFT HOLDER AKTIVA,700.00
SU09019,CAM SHAFT PATTI ACSS 125,37.50
KB09009,CAM SHAFT W/BEARING 4-S/BXR/BOX CT/AT/CLBR,660.00
SU09022,CAM SHAFT W/BEARING ACSS 125 NEW,970.00
SU09017,CAM SHAFT W/BEARING ACSS 125 OLD,730.00
HS09019,CAM SHAFT W/BEARING AKTIVA 110 BS6,680.00
HS09020,CAM SHAFT W/BEARING AKTIVA 125 BS6,830.00
HS09017,CAM SHAFT W/BEARING AKTIVA NEW,1385.00
HS09008,CAM SHAFT W/BEARING AKTIVA/DIO/PLISUR,850.00
SU09011,CAM SHAFT W/BEARING APCHE/RTR/VEGO/PHNX,1180.00
KB09019,CAM SHAFT W/BEARING CETE 100/PLTNA/DSVR112,600.00
SU09010,CAM SHAFT W/BEARING CNTRA/STR CITY/SPORT/STR 110/PEP+,700.00
MK09008,CAM SHAFT W/BEARING DOURO,690.00
HS09012,CAM SHAFT W/BEARING DRM YGA/PESS XPRO,665.00
KB09017,CAM SHAFT W/BEARING DSVR,710.00
KB09029,CAM SHAFT W/BEARING DSVR 100/DTSI,660.00
KB09032,CAM SHAFT W/BEARING DSVR 100T/100M,660.00
KB09030,CAM SHAFT W/BEARING DSVR 150,660.00
RX09009,CAM SHAFT W/BEARING EFZ,910.00
SU09016,CAM SHAFT W/BEARING HEET/JUS/HAYTE,760.00
HH09008,CAM SHAFT W/BEARING HH/PESS,640.00
